Player,Pos,Age,Tm,STL,BLK,PF,STL%,BLK%,DWS,DWS/48,DBPM,DFGM,DFGA,DFG%,DRTG
Steven Adams,big,25,OKC,1.5,1,2.6,2,2.4,4,0.071937055,2.1,3.7,6.2,60,105.9
Bam Adebayo,big,21,MIA,0.9,0.8,2.5,1.8,3,3.4,0.08531103,3.6,1.6,2.8,58.7,104.5
LaMarcus Aldridge,big,33,SAS,0.5,1.3,2.2,0.8,3.4,2.9,0.051804987,0.5,2.3,4.1,55.7,111
Jarrett Allen,big,20,BRK,0.5,1.5,2.3,1,4.5,3.3,0.075572519,3.2,3.3,6,55.1,111.6
Al-Farouq Aminu,big,28,POR,0.8,0.4,1.8,1.4,1.2,2.8,0.058638743,0.8,2.1,3.2,66,108.2
Kyle Anderson,wing,25,MEM,1.3,0.9,2.6,2.1,2.7,1.8,0.067447307,3.3,1.3,2.2,62.4,104.7
Giannis Antetokounmpo,big,24,MIL,1.3,1.5,3.2,1.8,3.9,5.5,0.111959288,5,1.8,3.3,52.7,101.8
OG Anunoby,wing,21,TOR,0.7,0.3,2.1,1.6,1.3,1.7,0.06035503,0.1,1,1.6,65.4,106.5
Ryan Arcidiacono,guard,24,CHI,0.8,0,2.1,1.6,0.2,0.9,0.022029577,-1,1.3,1.8,70.9,110.2
Trevor Ariza,wing,33,TOT,1.3,0.3,1.9,1.8,0.7,1.2,0.024521073,-0.4,2.1,2.6,78.7,114.4
D.J. Augustin,guard,31,ORL,0.6,0,1.4,1.1,0.1,1.9,0.040193918,-2,0.9,1,88.9,107.2
Deandre Ayton,big,20,PHO,0.9,0.9,2.9,1.3,2.6,1.7,0.037379753,0.2,3.7,5.7,64.9,113.3
Dwayne Bacon,guard,23,CHO,0.3,0.1,1.7,0.8,0.6,0.3,0.018972332,-2.4,1,1.2,81.1,113.2
Marvin Bagley III,big,19,SAC,0.5,1,1.9,1,3.2,1.6,0.049010849,-0.7,2.3,3.6,62.9,111
Lonzo Ball,guard,21,LAL,1.5,0.4,2.4,2.3,1.1,1.7,0.05734364,1.5,1.7,2.5,68.1,106.1
Mo Bamba,big,20,ORL,0.3,1.4,2.2,0.8,7,1.4,0.08772846,3.1,2.3,3.9,59.7,109.2
Harrison Barnes,wing,26,TOT,0.6,0.2,1.6,0.9,0.4,1.6,0.030319779,-1.8,2,2.8,70.5,109.4
Will Barton,guard,28,DEN,0.4,0.5,1.9,0.7,1.6,1.1,0.044407065,-0.5,1.6,2.3,70.7,109.1
Nicolas Batum,wing,30,CHO,0.9,0.6,1.9,1.5,1.6,1.7,0.034664401,0.9,1.4,2.5,55.4,110.3
Aron Baynes,big,32,BOS,0.2,0.7,2.5,0.7,3.7,1.1,0.064311815,1.4,2,3.5,57.8,102.2
Kent Bazemore,guard,29,ATL,1.3,0.6,2.5,2.5,2.2,1.4,0.040900791,0,1.5,2.4,62.1,110.2
Bradley Beal,guard,25,WAS,1.5,0.7,2.8,1.9,1.6,1.7,0.026948481,-1.1,2.1,3.1,67.2,113.5
Malik Beasley,guard,22,DEN,0.7,0.1,1.4,1.4,0.5,1.6,0.040872805,-1.9,1.1,1.5,72.5,107.3
Marco Belinelli,guard,32,SAS,0.4,0.1,1.5,0.9,0.4,1.1,0.029090909,-2.4,0.8,1,78.8,110.1
Jordan Bell,big,24,GSW,0.3,0.8,1.2,1.2,5.4,1.1,0.067005076,2.8,1.4,2.3,62,111.2
DeAndre' Bembry,guard,24,ATL,1.3,0.5,2.3,2.5,1.8,1.7,0.042257897,1.1,1.4,2,70.5,109.4
Dragan Bender,big,21,PHO,0.4,0.5,2,1,2.2,0.4,0.023244552,-0.3,2.4,4,60.3,112.7
Davis Bertans,big,26,SAS,0.5,0.4,1.8,1,1.7,1.5,0.044117647,-0.4,1.6,2.4,65.4,108.1
Patrick Beverley,guard,30,LAC,0.9,0.6,3.4,1.5,1.6,2,0.044922789,1.2,1.5,2.2,67.2,108.7
Khem Birch,big,26,ORL,0.4,0.6,1.4,1.4,3.8,1,0.074650078,2.3,1.3,2.5,52,102.7
Bismack Biyombo,big,26,CHO,0.2,0.8,1.9,0.7,4.6,0.8,0.049042146,1.5,1.4,2.4,58,111.8
Nemanja Bjelica,big,30,SAC,0.7,0.7,2.6,1.4,2.7,1.9,0.051006711,1.2,2.6,4.1,64,108.7
Antonio Blakeney,guard,22,CHI,0.2,0.2,0.7,0.7,0.9,0.3,0.017370326,-3.7,0.6,1,62.5,110.8
Eric Bledsoe,guard,29,MIL,1.5,0.4,2,2.4,1.1,3.7,0.078169014,1,0.7,1.1,66.7,104.2
Bogdan Bogdanovic,guard,26,SAC,1,0.2,2,1.7,0.7,1.4,0.034514638,-1.2,1.8,2.5,73.8,109.3
Bojan Bogdanovic,wing,29,IND,0.9,0,1.7,1.3,0,2.8,0.052234745,-1.4,1.1,1.8,64.1,105.8
Jonah Bolden,big,23,PHI,0.4,0.9,2.3,1.3,4.8,0.9,0.067605634,2,1.3,2.5,52.8,107.9
Devin Booker,guard,22,PHO,0.9,0.2,3.1,1.2,0.5,0.3,0.006422837,-3,1.9,2.7,70.7,115.1
Avery Bradley,guard,28,TOT,0.7,0.3,2.7,1,0.7,1,0.02519685,-1,1.3,2,69.1,110.2
Mikal Bridges,wing,22,PHO,1.6,0.5,2.5,2.5,1.3,1.2,0.023831196,0.3,1.8,2.9,63,112
Miles Bridges,wing,20,CHO,0.7,0.6,1.4,1.6,2.5,1.5,0.04245283,0.5,1.7,2.4,70.3,111.5
Ryan Broekhoff,guard,28,DAL,0.1,0.1,0.8,0.6,0.8,0.3,0.031788079,-1.7,0.6,0.8,75,102.8
Malcolm Brogdon,guard,26,MIL,0.7,0.2,1.6,1.2,0.6,2.3,0.060262009,-0.3,1.1,1.7,64.9,102.7
Bruce Brown,guard,22,DET,0.5,0.5,2.4,1.4,2.1,1.6,0.05300207,1.7,1.3,2.1,63,105.8
Jaylen Brown,guard,22,BOS,0.9,0.4,2.5,1.7,1.5,2.4,0.06021955,-0.6,1.1,1.7,64.5,105.9
Sterling Brown,guard,23,MIL,0.4,0.1,1.5,1.1,0.7,1.4,0.064990329,0,0.5,0.9,56.9,106.1
Troy Brown Jr.,wing,19,WAS,0.4,0.1,1.1,1.4,0.6,0.4,0.02630137,-1.2,0.9,1.3,72.3,110.3
Jalen Brunson,guard,22,DAL,0.5,0.1,1.7,1.1,0.2,1,0.030169705,-1.6,1,1.4,71,110.4
Thomas Bryant,big,21,WAS,0.3,0.9,1.8,0.8,3.8,1.3,0.04171123,0.4,3.2,5.1,62.3,112.6
Reggie Bullock,guard,27,TOT,0.6,0.2,1.7,1,0.5,1.4,0.035763704,-1,1.6,2.3,70.8,110.3
Trey Burke,guard,26,TOT,0.6,0.1,1,1.4,0.5,0.5,0.021333333,-3.2,0.9,1.4,63.3,108.4
Alec Burks,guard,27,TOT,0.6,0.3,1.4,1.4,1.3,0.8,0.027927273,-0.6,1.5,2.1,70.8,114.6
Jimmy Butler,wing,29,TOT,1.9,0.6,1.7,2.7,1.4,2.5,0.054919908,0.6,2.4,3.4,69.9,108.3
Jose Calderon,guard,37,DET,0.3,0.1,1.3,1.2,0.4,0.5,0.037974684,-1.2,0.6,0.8,67.5,107.8
Kentavious Caldwell-Pope,guard,25,LAL,0.9,0.2,1.7,1.7,0.5,1.8,0.042457002,-1.2,1.1,1.5,76.9,110.1
Clint Capela,big,24,HOU,0.7,1.5,2.5,1,3.9,3,0.064028457,1.6,4,6.8,59.7,108.7
DeMarre Carroll,big,32,BRK,0.5,0.1,1.7,0.9,0.5,1.6,0.045096888,-0.7,1.5,2.4,63.9,106.2
Vince Carter,big,42,ATL,0.6,0.4,1.9,1.5,1.8,0.7,0.025263158,-1.4,1,1.7,61.7,108
Wendell Carter Jr.,big,19,CHI,0.6,1.3,3.5,1.1,4.5,1.2,0.051891892,1.8,2.9,5,58.9,109.5
Willie Cauley-Stein,big,25,SAC,1.2,0.6,2.8,2,2,2.9,0.062901039,2.2,2.9,4.4,66.5,108.7
Tyson Chandler,big,36,TOT,0.4,0.4,2,1.1,2.2,1.2,0.065828571,1.8,2.3,3.9,60.3,104.4
Wilson Chandler,wing,31,TOT,0.5,0.4,2.4,1,1.4,1,0.040781648,0.3,1.3,2,66.7,108.5
Marquese Chriss,big,21,TOT,0.4,0.3,1.9,1.7,1.9,0.4,0.038476954,-1.4,1.4,2,67.8,117.9
Gary Clark,big,24,HOU,0.4,0.5,0.9,1.5,3.5,0.7,0.052418097,0.6,1.5,2.3,62.7,109.8
Ian Clark,guard,27,NOP,0.4,0.1,1.6,1.1,0.7,0.3,0.014799589,-2.9,0.9,1.2,75.4,109.6
Jordan Clarkson,guard,26,CLE,0.7,0.2,1.4,1.3,0.5,-0.1,-0.002168022,-3.5,1.4,2,72.5,115
John Collins,big,21,ATL,0.4,0.6,3.3,0.6,1.8,1,0.026243849,-1.2,2.4,4.2,57.8,113
Zach Collins,big,21,POR,0.3,0.9,2.3,0.9,3.9,1.5,0.053097345,1,1.9,3.5,55.4,107.8
Darren Collison,guard,31,IND,1.4,0.1,1.8,2.5,0.4,2.9,0.06495567,0,0.9,1.4,68.9,107.4
Mike Conley,guard,31,MEM,1.3,0.3,1.8,2,0.9,2.3,0.047139197,-1.3,1.1,1.7,66.7,105.6
Pat Connaughton,guard,26,MIL,0.5,0.4,1.3,1.2,1.7,1.9,0.072323553,1.2,0.8,1.2,71.8,106.1
Quinn Cook,guard,25,GSW,0.3,0,1.2,0.9,0.2,0.8,0.036260623,-2.7,0.8,1,79.5,112.1
Allen Crabbe,guard,26,BRK,0.5,0.3,2.4,1,0.9,1,0.042365402,-0.5,0.6,1,64.3,106.2
Torrey Craig,wing,28,DEN,0.5,0.6,2.3,1.2,2.7,1.7,0.054291417,0.9,1.1,1.6,66.1,108.7
Jamal Crawford,guard,38,PHO,0.5,0.2,1.2,1.3,0.8,0,0,-4.1,0.7,0.8,91.7,116.5
Jae Crowder,wing,28,UTA,0.8,0.4,2.1,1.4,1.1,3.1,0.068698061,0.4,1.1,1.8,62.1,105.3
Dante Cunningham,big,31,SAS,0.4,0.2,1.1,1.4,1.2,0.9,0.046551724,0.8,1,1.4,71.7,111.9
Seth Curry,guard,28,POR,0.5,0.2,1.3,1.2,0.7,0.9,0.030879199,-1.8,0.6,0.8,78.7,105.1
Stephen Curry,guard,30,GSW,1.3,0.4,2.4,1.9,0.9,2.5,0.051480051,-1.4,1.2,1.7,71.6,105.8
Troy Daniels,guard,27,PHO,0.5,0.1,1.5,1.6,0.5,0.1,0.006315789,-3.4,1,1.3,74.6,110.8
Anthony Davis,big,25,NOP,1.6,2.4,2.4,2.2,6,3.1,0.080432432,3.9,3.6,5.7,63.9,110.1
Ed Davis,big,29,BRK,0.4,0.4,2.8,1.2,1.8,2.5,0.082987552,1.7,2.1,3.4,62.3,102.2
Dewayne Dedmon,big,29,ATL,1.1,1.1,3.3,2,3.8,1.9,0.056681168,1.7,2.6,4.4,58.7,112
Sam Dekker,big,24,TOT,0.8,0.1,1,2.3,0.7,0.5,0.030456853,-0.8,1.1,1.5,73.5,112.2
Matthew Dellavedova,guard,28,TOT,0.3,0,1.6,0.8,0.2,0,0,-4.1,1,1.5,69,107
DeMar DeRozan,guard,29,SAS,1.1,0.5,2.3,1.6,1.1,2.6,0.046428571,0.5,1.4,1.9,70.9,110.8
Cheick Diallo,big,22,NOP,0.5,0.5,1.8,1.5,3,1.2,0.064285714,0.5,1.6,2.8,58.5,110
Hamidou Diallo,guard,20,OKC,0.4,0.2,1.5,1.9,1.6,0.7,0.063878327,-0.3,0.4,0.7,61.8,110.3
Gorgui Dieng,big,29,MIN,0.6,0.5,1.8,2.2,3.4,1.3,0.060523763,1.4,1.5,2.3,62.7,109
Spencer Dinwiddie,guard,25,BRK,0.6,0.3,2.8,1,0.7,1.4,0.035109718,-2.1,0.8,1.2,70,109.8
Luka Doncic,guard,19,DAL,1.1,0.3,1.9,1.6,0.9,2.8,0.057981018,1.2,2.3,3.4,69.3,110.6
Tyler Dorsey,guard,22,TOT,0.3,0,1.1,1,0.3,0.4,0.027507163,-2.4,1.1,1.5,74,108.4
Damyean Dotson,guard,24,NYK,0.8,0.1,1.8,1.4,0.4,0.9,0.021556886,-1.4,1.4,1.8,76.9,110.8
Andre Drummond,big,25,DET,1.7,1.7,3.4,2.5,4.4,5.9,0.106989044,3.6,3.5,6.2,56.5,108.4
Jared Dudley,big,33,BRK,0.6,0.3,2.2,1.4,1,1.2,0.047213115,1,1.4,2.3,59.7,108.6
Kris Dunn,guard,24,CHI,1.5,0.5,3.6,2.4,1.3,1.2,0.041468683,0.3,1.7,2.6,64.1,113.7
Kevin Durant,wing,30,GSW,0.7,1.1,2,1,2.6,2.9,0.051517395,0.1,1.7,2.8,58.4,107.3
Wayne Ellington,guard,31,TOT,1,0.1,1.7,2,0.4,1.4,0.051811874,-1,0.8,1.2,72.1,107.1
Joel Embiid,big,24,PHI,0.7,1.9,3.3,1,4.4,3.8,0.084679666,2.1,4.4,8.2,53.3,104.8
James Ennis III,wing,28,TOT,0.7,0.4,2.6,1.6,1.6,1,0.03902439,-0.2,1.3,2,68.4,109.8
Tyreke Evans,guard,29,IND,0.8,0.3,1.7,2,1.1,2,0.068473609,-0.5,0.8,1.1,78.1,103.9
Dante Exum,guard,23,UTA,0.3,0.1,1.6,1,0.6,0.7,0.05060241,-1.4,0.6,1,60,100.6
Derrick Favors,big,27,UTA,0.7,1.4,2.1,1.5,4.8,3.5,0.095130238,3.2,2.4,4.8,50.1,101.6
Cristiano Felicio,big,26,CHI,0.2,0.1,1.2,0.7,0.8,0.4,0.025737265,-1.1,1.6,2.6,61.3,111.7
Terrance Ferguson,guard,20,OKC,0.5,0.2,3.1,1,0.7,1.6,0.039772139,-0.5,1.3,1.9,71.5,107.1
Yogi Ferrell,guard,25,SAC,0.5,0.1,0.9,1.6,0.3,0.6,0.026991565,-1.8,0.7,1,75,108.9
Dorian Finney-Smith,wing,25,DAL,0.9,0.4,2.3,1.7,1.5,2,0.04836272,1.1,1.7,2.6,63.7,108.7
Bryn Forbes,guard,25,SAS,0.5,0,1.9,1,0.1,1.3,0.027213258,-1.7,1.4,1.8,77.3,110.2
Evan Fournier,guard,26,ORL,0.9,0.1,2.8,1.4,0.4,2.5,0.047003525,-1.1,1.5,2.1,70.1,108.4
De'Aaron Fox,guard,21,SAC,1.6,0.6,2.5,2.4,1.5,2.5,0.047132757,0,1.7,2.6,65.2,109.1
Tim Frazier,guard,28,TOT,0.5,0.1,1.9,1.2,0.4,0.7,0.03,-1.3,1.1,1.4,78.8,110.6
Danilo Gallinari,wing,30,LAC,0.7,0.3,1.9,1.1,0.9,1.8,0.041962118,-1.2,2.8,4.1,69.2,111
Langston Galloway,guard,27,DET,0.5,0.1,1.7,1,0.4,1.3,0.035759312,-1.6,1.2,1.7,69.6,107.9
Marc Gasol,big,34,TOT,1.1,1.1,2.7,1.7,3.2,4,0.078817734,3.1,3,4.9,60.6,104.9
Rudy Gay,big,32,SAS,0.8,0.5,2.3,1.4,1.6,2.2,0.05732899,0.8,1.4,2.2,62.9,106.8
Paul George,wing,28,OKC,2.2,0.4,2.8,2.8,1,4.9,0.082787751,0.7,2.4,3.8,64.6,103.9
Taj Gibson,big,33,MIN,0.8,0.6,2.7,1.5,2,1.4,0.039857651,0.2,2.1,3.2,65.9,111.6
Harry Giles III,big,20,SAC,0.5,0.4,2.6,1.8,2.3,1,0.058536585,0.9,1.4,2.3,61.7,109.1
Shai Gilgeous-Alexander,guard,20,LAC,1.2,0.5,2.1,2.1,1.6,1.9,0.041950322,0.2,1.9,2.8,68.1,110.8
Rudy Gobert,big,26,UTA,0.8,2.3,2.9,1.2,5.8,5.7,0.106169965,5.1,4.1,7.7,53.2,103.6
Aaron Gordon,big,23,ORL,0.7,0.7,2.2,1.1,1.8,3.3,0.060159514,1.2,1.9,3,64.2,105.9
Eric Gordon,guard,30,HOU,0.6,0.4,2.1,0.9,1.1,1,0.022242817,-2.9,1.3,1.7,74.6,108.1
Marcin Gortat,big,34,LAC,0.1,0.5,2,0.4,2.5,0.8,0.051131824,1.4,2.1,3.3,61.8,112.5
Devonte' Graham,guard,23,CHO,0.5,0,1,1.7,0.3,0.3,0.021301775,-2.7,0.7,0.9,75.6,111.8
Jerami Grant,big,24,OKC,0.8,1.3,2.7,1.1,3.2,3.3,0.060643185,0.9,2.3,3.9,58.7,105.6
Jerian Grant,guard,26,ORL,0.7,0.1,1.3,2.3,0.5,1.1,0.056230032,-0.1,0.9,1.2,73.5,107.7
Danny Green,guard,31,TOR,0.9,0.7,2.1,1.6,2,2.9,0.062815884,1.2,1.9,2.6,70.5,104.3
Draymond Green,big,28,GSW,1.4,1.1,3,2.2,2.8,3.2,0.074382567,3.4,2.5,4.2,58.2,105
Gerald Green,guard,33,HOU,0.5,0.4,1.7,1.1,1.6,1,0.032586558,-2.6,1.5,2.1,71.1,109.3
JaMychal Green,big,28,TOT,0.7,0.5,3,1.6,2.3,1.9,0.066520788,0,1.3,2,64.8,109.1
Jeff Green,big,32,WAS,0.6,0.5,2.1,1,1.6,0.8,0.018311874,-1.4,2.6,4,64.5,113.2
Blake Griffin,big,29,DET,0.7,0.4,2.7,1,0.9,2.9,0.053089245,0.4,2.2,3.1,71.3,109.3
Tim Hardaway Jr.,guard,26,TOT,0.8,0.1,2.2,1.3,0.3,0.9,0.021001458,-2.9,1.9,2.7,70,114.5
James Harden,guard,29,HOU,2,0.7,3.1,2.7,1.7,3.8,0.063620509,1.1,2.2,3.2,68.7,110.3
Maurice Harkless,wing,25,POR,1.1,0.9,2.7,2.3,3,1.9,0.064452297,2.3,1.5,2.3,63.5,106.8
Montrezl Harrell,big,25,LAC,0.9,1.3,3.1,1.6,4,2.6,0.057831325,1.6,2.6,4.6,56.3,109.9
Devin Harris,guard,35,DAL,0.5,0.2,2,1.6,1.3,0.9,0.040336134,-0.9,0.7,1,73.8,109.9
Gary Harris,guard,24,DEN,1,0.3,2,1.6,1,1.5,0.043929225,-1,0.9,1.4,70.1,105.3
Joe Harris,guard,27,BRK,0.5,0.2,2.4,0.8,0.6,1.7,0.035586568,-0.5,1.6,2.6,62.8,111.2
Tobias Harris,big,26,TOT,0.6,0.5,2.2,0.8,1,2.6,0.043835616,-0.6,2.5,3.8,66.6,110.5
Shaquille Harrison,guard,25,CHI,1.2,0.4,1.7,3,1.8,1.6,0.053706294,1.4,1.4,1.9,74.1,110.5
Josh Hart,guard,23,LAL,1,0.6,2.2,1.7,1.9,1.9,0.053177843,1.1,1.9,3,63.1,104.7
Gordon Hayward,big,28,BOS,0.9,0.3,1.4,1.6,1.1,2.3,0.059259259,0.4,1.2,1.8,66.2,105.2
Juancho Hernangomez,big,23,DEN,0.4,0.3,1.3,1,1.6,1.4,0.049484536,0,1.5,2.5,59.4,107.3
Willy Hernangomez,big,24,CHO,0.3,0.3,1.7,1,2.1,0.8,0.04729064,-0.4,2.1,3,71.5,115.3
Mario Hezonja,wing,23,NYK,1,0.1,1.9,2.3,0.6,1.1,0.043781095,-0.4,1.6,2.5,65,112
Buddy Hield,guard,26,SAC,0.7,0.4,2.5,1,1.1,1.6,0.029369025,-2,2.1,3.1,67.7,110
George Hill,guard,32,TOT,0.9,0.1,1.7,1.9,0.5,1.3,0.047926267,-0.4,0.9,1.2,72.2,103.3
Solomon Hill,wing,27,NOP,0.5,0.2,1.8,1.2,0.9,0.4,0.021867882,-0.2,1.3,2,63.2,113
Nene,big,36,HOU,0.4,0.4,2.1,1.6,2.3,0.6,0.052747253,1.1,1.2,2.3,52,101.9
Aaron Holiday,guard,22,IND,0.4,0.3,1.4,1.6,1.8,0.8,0.059442724,-1.1,0.6,1,62,100.2
Jrue Holiday,guard,28,NOP,1.6,0.8,2.2,2.1,1.8,1.9,0.03796836,-0.1,2.3,3,76.3,109.1
Justin Holiday,guard,29,TOT,1.5,0.4,2,2.3,1.2,2.5,0.046029919,0.6,1.7,2.5,67.2,110.1
Rondae Hollis-Jefferson,wing,24,BRK,0.7,0.5,1.8,1.7,1.7,1.7,0.066126418,1.2,2,3,67,105.6
Richaun Holmes,big,25,PHO,0.6,1.1,2.8,1.7,5.6,1.1,0.044594595,1.5,2,3.5,57.7,108.9
Rodney Hood,guard,26,TOT,0.8,0.2,2,1.5,0.5,0.5,0.012678288,-2.1,1.3,1.9,67.6,113.7
Al Horford,big,32,BOS,0.9,1.3,1.9,1.4,3.9,2.9,0.070552458,2.7,3.3,5.5,59.6,106.4
Kevin Huerter,guard,20,ATL,0.9,0.3,2.1,1.5,1.1,0.7,0.01640625,-1,1.7,2.2,80.4,111.6
Chandler Hutchison,wing,22,CHI,0.5,0.1,1.3,1.2,0.6,0.6,0.032178771,-0.4,1.2,1.7,69.9,107.6
Serge Ibaka,big,29,TOR,0.4,1.4,2.9,0.7,4.3,3.3,0.07880597,1.2,2.7,5.1,52.9,107.4
Andre Iguodala,wing,35,GSW,0.9,0.8,1.4,1.8,2.7,1.8,0.054752852,1.7,1.2,1.9,65.4,104.4
Joe Ingles,big,31,UTA,1.2,0.2,2.2,1.8,0.6,3.6,0.06728972,0.8,1,1.3,77.7,101.6
Brandon Ingram,wing,21,LAL,0.5,0.6,2.9,0.7,1.4,1.4,0.038181818,-0.6,1.7,2.5,65.2,108.8
Kyrie Irving,guard,26,BOS,1.5,0.5,2.5,2.2,1.4,2.9,0.062872629,0.4,1.5,2.4,65.2,107.1
Jonathan Isaac,big,21,ORL,0.8,1.3,1.9,1.4,4.1,3.1,0.074549098,2,1.9,3.3,57.9,107.3
Wes Iwundu,wing,24,ORL,0.4,0.3,1.8,1.1,1.5,1.4,0.054501217,0.7,0.8,1.3,67.1,103.1
Ersan Ilyasova,big,31,MIL,0.5,0.3,2.6,1.2,1.4,1.9,0.074086109,0.1,1.7,2.6,63.3,101.5
Frank Jackson,guard,20,NOP,0.4,0,1.5,1,0.1,0.4,0.016424294,-2.8,1.1,1.3,81.3,111.3
Jaren Jackson Jr.,big,19,MEM,0.9,1.4,3.8,1.7,5.1,2.2,0.06970297,1.4,2.2,4.1,52.5,103.6
Josh Jackson,guard,21,PHO,0.9,0.7,2.6,1.8,2.3,1.1,0.026559356,-0.5,1.6,3,54.6,112.4
Justin Jackson,wing,23,TOT,0.4,0.2,1.2,0.9,0.7,0.9,0.026765799,-1.2,1.2,1.7,70.7,108.3
Reggie Jackson,guard,28,DET,0.7,0.1,2.5,1.2,0.3,1.9,0.039842726,-2,1.7,2.2,76.1,108.4
LeBron James,wing,34,LAL,1.3,0.6,1.7,1.7,1.4,2.6,0.06442953,1.9,1.8,2.9,61.9,107.6
Jonas Jerebko,big,31,GSW,0.4,0.2,1.9,1.1,1.2,1.2,0.04729064,-0.6,1.2,1.6,77.4,108.1
Amir Johnson,big,31,PHI,0.3,0.3,1.9,1.4,1.9,0.7,0.063516068,0.6,1.4,2.2,63.7,109.7
James Johnson,big,31,MIA,0.6,0.5,2.1,1.5,2.1,1.5,0.06185567,0.9,1.1,1.8,59.8,107.9
Stanley Johnson,wing,22,TOT,0.9,0.2,1.7,2.4,1,1.6,0.063576159,0.6,1.2,1.6,70.4,103.4
Tyler Johnson,guard,26,TOT,0.9,0.5,1.7,1.7,1.6,1.4,0.043950294,-0.4,1.4,1.8,75.5,108.4
Nikola Jokic,big,23,DEN,1.4,0.7,2.9,2.1,1.9,4.3,0.082428115,3.8,3.8,6,62.1,107.5
Derrick Jones Jr.,wing,21,MIA,0.8,0.7,2.1,1.9,3.3,1.7,0.070771899,1.5,0.9,1.7,51.5,105
Tyus Jones,guard,22,MIN,1.2,0.1,1.1,2.5,0.3,0.9,0.027692308,-1.5,0.8,1,78.5,108.7
DeAndre Jordan,big,30,TOT,0.6,1.1,2.4,1,3,3.1,0.072691744,3.3,2.1,3.7,57.9,110.1
Cory Joseph,guard,27,IND,1.1,0.3,1.6,2.2,0.9,2.9,0.067474552,1.4,1.3,1.8,70.1,102.4
Frank Kaminsky,big,25,CHO,0.3,0.3,1.4,0.8,1.4,0.5,0.031788079,-1.9,1.7,2.8,62.3,109.1
Enes Kanter,big,26,TOT,0.5,0.4,2.5,0.9,1.3,1.6,0.046829268,-0.2,2.8,4.3,65.3,112.6
Luke Kennard,guard,22,DET,0.4,0.2,1.5,0.9,0.6,1.3,0.0434238,-1,1,1.2,80.5,108.2
Michael Kidd-Gilchrist,big,25,CHO,0.5,0.6,2.4,1.3,2.9,1,0.040712468,0.4,1.8,2.8,63.8,107.4
Maxi Kleber,big,27,DAL,0.5,1.1,2,1.2,4.4,1.8,0.057523302,2.3,2,3.6,55.7,105.3
Kevin Knox II,big,19,NYK,0.6,0.3,2.3,1,0.9,0.9,0.020018536,-2.4,1.9,2.7,68.8,115.1
Furkan Korkmaz,guard,21,PHI,0.6,0,1.3,2,0.2,0.7,0.049484536,-1.5,0.8,1.1,70.6,107
Luke Kornet,big,23,NYK,0.6,0.9,0.9,1.7,4.5,0.7,0.042857143,0.6,2.3,4.2,53.9,106
Kyle Korver,wing,37,TOT,0.4,0.2,1.5,0.9,0.7,1.3,0.046776612,-1.5,1.2,1.8,66.1,103.9
Kosta Koufos,big,29,SAC,0.4,0.4,1.6,1.4,3.1,0.7,0.066932271,1.8,1.2,2,61.4,107.4
Rodions Kurucs,wing,20,BRK,0.7,0.4,2.3,1.5,1.5,1.5,0.055641422,0.2,1.6,2.6,63.2,107.4
Kyle Kuzma,big,23,LAL,0.6,0.4,2.4,0.8,0.9,1.9,0.039412273,-1.3,2,3.1,63,109.7
Jeremy Lamb,guard,26,CHO,1.1,0.4,1.8,1.9,1.2,2,0.042666667,-0.6,1.9,2.6,72.9,109.6
Zach LaVine,guard,23,CHI,1,0.4,2.2,1.3,1,1.1,0.02432059,-1.7,1.3,1.6,76.5,112.4
Jake Layman,wing,24,POR,0.4,0.4,1.6,1.1,1.8,1.2,0.043406179,-0.6,1.2,1.7,69.7,108.9
Alex Len,big,25,ATL,0.4,0.9,2.6,0.8,3.9,1,0.031088083,-0.8,2.4,4,59.2,110.4
Kawhi Leonard,wing,27,TOR,1.8,0.4,1.5,2.5,1,3.4,0.08,0.7,1.6,2.5,64.9,107.7
Meyers Leonard,big,26,POR,0.2,0.1,1.7,0.7,0.8,0.9,0.049202733,-0.4,1.4,2,70,112.2
Damian Lillard,guard,28,POR,1.1,0.4,1.9,1.5,1,2.4,0.040591966,-1.1,1.3,1.8,69.9,107.9
Jeremy Lin,guard,30,TOT,0.6,0.2,1.9,1.5,0.8,0.9,0.030083565,-1.8,1.4,1.8,77.8,106.8
Shaun Livingston,guard,33,GSW,0.5,0.4,1.2,1.5,2.3,0.9,0.04467425,0.5,0.8,1.1,68.1,107.3
Kevon Looney,big,22,GSW,0.6,0.7,2.6,1.5,3,1.8,0.05833896,1.8,1.8,3,59.8,106.1
Brook Lopez,big,30,MIL,0.6,2.2,2.3,1,6.5,4.3,0.088888889,2.9,2.8,5.2,52.6,103.4
Robin Lopez,big,30,CHI,0.1,1.1,1.7,0.3,4.2,0.7,0.020921544,-0.1,2.3,4.3,54.8,109.9
Kyle Lowry,guard,32,TOR,1.4,0.5,2.6,2,1.2,3,0.065070041,0.6,1.7,2.6,66.1,105.5
Timothe Luwawu-Cabarrot,wing,23,TOT,0.4,0.2,1.5,1.4,1,0.5,0.035874439,-1.7,0.5,0.8,62.5,112.9
Trey Lyles,big,23,DEN,0.5,0.4,1.5,1.3,1.8,1.4,0.06,-0.7,1.4,2.4,59.2,105.7
Shelvin Mack,guard,28,TOT,0.8,0.1,1.5,1.9,0.3,1.1,0.042375602,-1.5,1.1,1.5,74.4,108.4
Thon Maker,big,21,TOT,0.3,0.8,1.6,1,4.4,1.5,0.074074074,1.7,1.7,2.9,57,103.4
Boban Marjanovic,big,30,TOT,0.3,0.5,1.6,1.1,3.1,0.9,0.063436123,0.5,1.5,2.7,56.1,105.3
Lauri Markkanen,big,21,CHI,0.7,0.6,2.3,1.1,1.7,1.5,0.042806183,-1.6,2.9,4.4,65.6,112.3
Wesley Matthews,wing,32,TOT,0.8,0.2,2.3,1.3,0.7,1.5,0.034433286,-1.2,1.4,1.9,74.8,109.4
CJ McCollum,guard,27,POR,0.8,0.4,2.5,1.1,0.9,1.7,0.034357895,-1.9,1.3,1.8,70.6,108.9
T.J. McConnell,guard,26,PHI,1,0.2,1.4,2.5,0.9,1.7,0.055510204,0,0.7,1.1,66.7,108.8
Doug McDermott,wing,27,IND,0.2,0.1,1.4,0.7,0.5,1.1,0.039402985,-2.1,1,1.4,70.8,103.2
JaVale McGee,big,31,LAL,0.6,2,2.8,1.3,7.3,2.9,0.083303411,2.8,3,5.7,52.1,111.1
Rodney McGruder,guard,27,MIA,0.5,0.2,1.7,1.1,0.7,1.6,0.049548387,-0.1,1.2,1.8,65.3,106.2
Alfonzo McKinnie,wing,26,GSW,0.3,0.2,1.9,0.9,1.3,0.9,0.043070788,-1.5,1,1.6,64.9,107.9
De'Anthony Melton,guard,20,PHO,1.4,0.5,2.3,3.3,1.9,0.8,0.03902439,1,1.6,2.2,72.2,113.7
Khris Middleton,wing,27,MIL,1,0.1,2.2,1.6,0.2,3.6,0.072210614,0.1,1,1.3,73.5,104.2
CJ Miles,wing,31,TOT,0.5,0.3,1.5,1.5,1.5,0.9,0.05046729,-1.4,0.5,0.8,62.2,105.5
Darius Miller,wing,28,NOP,0.6,0.3,2.4,1.1,1.1,0.6,0.016391577,-1.5,1.1,1.8,60.5,109.8
Patty Mills,guard,30,SAS,0.6,0.1,1.6,1.3,0.4,1.2,0.030188679,-2,0.8,0.9,87.3,109.1
Paul Millsap,big,33,DEN,1.2,0.8,2.6,2.2,2.5,2.9,0.073456464,1.9,2.8,4.2,65.6,105.4
Nikola Mirotic,big,27,TOT,0.7,0.7,2.3,1.2,2.2,1.4,0.053975904,-1.2,2,3.4,59.5,108.3
Donovan Mitchell,guard,22,UTA,1.4,0.4,2.7,2,0.9,3.7,0.068360277,-0.2,1.2,1.6,73,103.7
Malik Monk,guard,20,CHO,0.5,0.3,1.5,1.4,1.3,0.7,0.026709062,-2.7,0.7,1,70.3,111.1
Greg Monroe,big,28,TOT,0.3,0.2,1.5,1.4,1.4,0.7,0.07,-0.7,1.6,2.5,63.6,106.7
E'Twaun Moore,guard,29,NOP,0.8,0.2,2.1,1.3,0.4,0.5,0.016404648,-1.9,1.3,1.7,76.9,111.6
Marcus Morris Sr.,big,29,BOS,0.6,0.3,2.4,1,1.1,2.5,0.057388809,-1,1.6,2.5,64.2,108.9
Markieff Morris,big,29,TOT,0.6,0.4,3,1.3,1.5,1.1,0.041574803,-1.1,1.6,2.6,60,113
Monte Morris,guard,23,DEN,0.9,0,1.2,1.8,0.2,1.8,0.043857868,-1.3,0.9,1.3,73.3,105.1
Emmanuel Mudiay,guard,22,NYK,0.7,0.3,1.7,1.3,1,0.7,0.020908525,-1.9,1.4,1.9,75.9,114.8
Jamal Murray,guard,21,DEN,0.9,0.4,2,1.3,1,2.3,0.045116469,-1,1.2,1.6,72.4,108
Mike Muscala,big,27,TOT,0.3,0.6,2,0.8,2.3,1.2,0.044104135,-0.3,2.2,3.6,61.2,106.5
Svi Mykhailiuk,wing,21,TOT,0.3,0,0.6,1.5,0.2,0.3,0.032727273,-2.1,0.6,0.8,75.8,105.7
Abdel Nader,wing,25,OKC,0.3,0.2,1.1,1.3,1.5,0.9,0.062247839,-0.9,1,1.3,73.4,105.8
Larry Nance Jr.,big,26,CLE,1.5,0.6,2.9,2.8,1.9,1.6,0.042785515,2.6,2.9,4.5,65.4,114.6
Shabazz Napier,guard,27,BRK,0.7,0.3,1.2,2,1.3,1,0.048830112,-1.1,0.6,1,56.9,104.3
Joakim Noah,big,33,MEM,0.5,0.7,2.3,1.4,4.2,1.2,0.083116883,3.5,1.5,2.7,55.3,101.7
Nerlens Noel,big,24,OKC,0.9,1.2,2.2,2.9,7.7,2.5,0.113744076,5.5,1.6,3,51.5,101.7
Dirk Nowitzki,big,40,DAL,0.2,0.4,1.5,0.5,1.9,0.8,0.048301887,-2.1,1.9,2.8,68.8,109.7
Frank Ntilikina,guard,20,NYK,0.7,0.3,2.4,1.6,1.3,0.4,0.021238938,-1.2,1.3,1.8,68.8,110.6
Jusuf Nurkic,big,24,POR,1,1.4,3.5,1.7,4.2,3.3,0.080243161,3.6,3.2,5.8,55.2,106.5
David Nwaba,guard,26,CLE,0.7,0.3,2.1,1.8,1.5,0.3,0.014634146,-0.6,1.5,2.1,68.5,111.9
Royce O'Neale,wing,25,UTA,0.7,0.3,2.1,1.5,1.1,2.5,0.071813285,2.1,1.1,1.5,70.4,101.9
Semi Ojeleye,big,24,BOS,0.2,0.1,0.8,0.8,0.6,0.5,0.04040404,-1.7,0.7,1,70.4,100.2
Jahlil Okafor,big,23,NOP,0.3,0.7,1.6,0.7,3.5,0.8,0.041069519,-0.5,2,3.7,54.1,111.5
Elie Okobo,guard,21,PHO,0.6,0.1,2.1,1.6,0.6,0.2,0.010020877,-2.2,1.1,1.5,70.7,111.1
Josh Okogie,guard,20,MIN,1.2,0.4,2.2,2.4,1.6,1.4,0.038247012,0.4,1.6,2.3,70.8,110.6
Kelly Olynyk,big,27,MIA,0.7,0.5,2.3,1.4,1.8,2.5,0.066225166,0.8,1.8,3,61.1,106
Cedi Osman,wing,23,CLE,0.8,0.1,2.6,1.2,0.4,0.2,0.003927987,-1.7,1.8,2.5,71.4,118.8
Kelly Oubre Jr.,wing,23,TOT,1.2,0.9,2.6,2.1,2.5,1.3,0.032248062,-1.2,2.3,3.5,66.3,113.3
Zaza Pachulia,big,34,DET,0.5,0.3,2.2,1.7,1.6,1.3,0.071070615,2.4,1.6,2.7,58.8,105.3
Jabari Parker,big,23,TOT,0.7,0.5,2.3,1.3,1.5,1.3,0.036194896,-0.5,2,3.1,65.3,110.8
Tony Parker,guard,36,CHO,0.4,0.1,0.9,1,0.6,0.3,0.014356929,-3.7,0.5,0.7,72.5,107.5
Patrick Patterson,big,29,OKC,0.3,0.2,0.7,0.9,1.3,0.9,0.050174216,-0.6,1.2,1.8,65.2,107.3
Chris Paul,guard,33,HOU,2,0.3,2.5,3,0.8,2.2,0.056865913,0.2,2.4,3,78.3,104.2
Elfrid Payton,guard,24,NOP,1,0.4,1.9,1.6,1.1,0.9,0.03456,-0.1,1.6,2.5,65.4,112.9
Mason Plumlee,big,28,DEN,0.8,0.9,3.1,1.9,3.9,2.9,0.080415945,3.9,2,3.6,55.4,106.1
Otto Porter Jr.,wing,25,TOT,1.5,0.6,1.9,2.3,1.6,1.5,0.042780749,0.1,2.2,3.4,64.9,111.6
Bobby Portis,big,23,TOT,0.7,0.4,2.9,1.3,1.3,1.1,0.040646651,-1.7,2.9,4,71.8,114.3
Dwight Powell,big,27,DAL,0.6,0.6,2.6,1.3,2.6,1.9,0.054873646,1.2,1.9,3,64.5,109.9
Norman Powell,guard,25,TOR,0.7,0.2,1.6,1.7,1,1.4,0.059680284,-0.3,0.8,1,78,105.5
Jakob Poeltl,big,23,SAS,0.4,0.9,1.6,1.1,4.5,1.6,0.060329929,2.7,2.2,3.8,58.6,106
Ivan Rabb,big,21,MEM,0.3,0.3,1.8,1.2,1.8,0.9,0.059916782,0.7,1.8,2.5,71.8,109.5
Chasson Randle,guard,25,WAS,0.5,0.1,1.9,1.6,0.3,0.2,0.012920592,-3,1.2,1.5,75.7,110.6
Julius Randle,big,24,NOP,0.7,0.6,3.4,1.1,1.6,1.9,0.040860215,-0.4,2.7,4.2,64.7,111.4
JJ Redick,guard,34,PHI,0.4,0.2,1.7,0.6,0.6,1.2,0.024211854,-3.3,1.1,1.5,76.8,104.7
Josh Richardson,guard,25,MIA,1.1,0.5,2.7,1.5,1.2,2.6,0.04915321,-0.4,1.4,2.1,67.7,105.6
Austin Rivers,guard,26,TOT,0.6,0.3,2.7,1.1,1,0.8,0.018934911,-1.5,1.4,1.9,71.5,109.1
Glenn Robinson III,wing,25,DET,0.3,0.2,1,1.1,1.1,0.6,0.047213115,-0.8,0.9,1.2,73.7,103.1
Mitchell Robinson,big,20,NYK,0.8,2.4,3.3,1.8,10,2.2,0.077647059,5.2,2.1,3.9,52.9,109.5
Rajon Rondo,guard,32,LAL,1.2,0.2,2.2,1.9,0.4,1.5,0.052593134,0.5,1.9,2.4,79.8,113.3
Derrick Rose,guard,30,MIN,0.6,0.2,1.1,1.1,0.7,0.3,0.010344828,-2.9,1.4,2,71.6,110.8
Terrence Ross,guard,27,ORL,0.9,0.4,1.5,1.6,1.1,2.6,0.058046512,-1.3,1.2,1.6,74.2,105.9
Terry Rozier,guard,24,BOS,0.9,0.3,1.3,1.8,1,2.3,0.061641541,0.2,1,1.3,77.4,105.9
Ricky Rubio,guard,28,UTA,1.3,0.1,2.6,2.3,0.4,2.8,0.070774092,0.6,1.4,1.9,75.4,104.1
D'Angelo Russell,guard,22,BRK,1.2,0.2,1.7,1.9,0.6,2.6,0.050980392,-0.5,1.2,1.7,69.1,107.9
Domantas Sabonis,big,22,IND,0.6,0.4,3.2,1.3,1.5,3.3,0.086180631,2.2,2.8,4.5,62.4,103.6
Tomas Satoransky,guard,27,WAS,1,0.2,2.2,1.8,0.5,0.9,0.019963031,-1,2,2.7,73,110.5
Dennis Schroder,guard,25,OKC,0.8,0.2,2.4,1.3,0.4,2.4,0.049783924,-1.5,1.6,2.2,72.1,105.5
Mike Scott,big,30,TOT,0.3,0.2,2,0.9,0.7,1.2,0.041290323,-1.2,1.1,1.6,67.5,106.4
Thabo Sefolosha,wing,34,UTA,0.9,0.1,0.8,3.4,0.7,1.2,0.094581281,2.6,0.7,1.1,67.9,99.5
Wayne Selden,guard,24,TOT,0.4,0.2,1.7,1.1,0.8,0.8,0.026685198,-1.6,1,1.3,77.3,112.1
Collin Sexton,guard,20,CLE,0.5,0.1,2.3,0.8,0.2,-0.5,-0.009213052,-3.7,2.1,2.6,81.5,118.1
Landry Shamet,guard,21,TOT,0.5,0.1,2,1,0.4,0.9,0.023973363,-2.4,1.2,1.8,64.7,109.3
Iman Shumpert,guard,28,TOT,1,0.4,2,1.9,1.4,1.2,0.03889264,0.1,1.4,1.9,73.1,110.5
Pascal Siakam,big,24,TOR,0.9,0.7,3,1.4,1.7,3.6,0.067817896,1.4,1.8,3,59.5,104.2
Ben Simmons,guard,22,PHI,1.4,0.8,2.6,2,1.8,3.6,0.064,2.6,1.8,2.8,66.2,108.9
Jonathon Simmons,wing,29,TOT,0.5,0.3,1.6,1.3,1.2,1.1,0.04962406,-0.6,0.8,1.1,72.1,107.2
Marcus Smart,guard,24,BOS,1.8,0.4,2.5,3.1,1.1,3.1,0.067636364,1.3,1.4,1.9,71.6,106.7
Dennis Smith Jr.,guard,21,TOT,1.3,0.4,2.4,2.1,1.1,1.2,0.038196286,-0.9,1.9,2.9,63.9,107.7
Ish Smith,guard,30,DET,0.5,0.2,1.9,1.1,0.7,1.1,0.042206235,-1.1,1.1,1.6,66.3,108.1
Tony Snell,wing,27,MIL,0.4,0.2,1.2,0.9,1.2,1.6,0.058895706,-0.4,0.7,1,68.8,103.4
Omari Spellman,big,21,ATL,0.6,0.5,1.5,1.5,2.7,0.5,0.029813665,0,0.9,1.7,55.1,112.8
Nik Stauskas,guard,25,TOT,0.3,0.1,0.7,1,0.6,0.5,0.02364532,-2.2,0.6,0.8,75.4,113.7
Lance Stephenson,guard,28,LAL,0.6,0.1,1.6,1.7,0.5,1.2,0.051291184,-0.4,0.7,1,72.3,108.4
Jayson Tatum,wing,20,BOS,1.1,0.7,2.1,1.6,2.1,3.4,0.066476578,0.6,1.6,2.6,63.9,105.1
Jeff Teague,guard,30,MIN,1,0.4,2.1,1.6,1.2,0.5,0.018987342,-2.4,1.4,1.9,74.7,113.1
Garrett Temple,guard,32,TOT,1,0.4,2.7,1.8,1.4,2,0.047058824,0.6,1.5,2.2,67.5,106.8
Daniel Theis,big,26,BOS,0.3,0.6,2.4,1.1,4.1,1.3,0.068722467,1.5,1.8,3,61.5,102.6
Lance Thomas,big,30,NYK,0.4,0.2,1.8,1,0.8,0.3,0.018390805,-1.2,1.1,1.5,74.6,107.9
Klay Thompson,guard,28,GSW,1.1,0.6,2,1.5,1.5,2.3,0.041628959,-2,1.5,2.5,61.1,108.5
Tristan Thompson,big,27,CLE,0.7,0.4,2.1,1.2,1.2,0.5,0.020033389,0.1,2.3,4.2,56.1,118.8
Anthony Tolliver,big,33,MIN,0.3,0.3,1.4,0.8,1.7,0.5,0.022242817,-1,1.2,2,62.8,108.6
Karl-Anthony Towns,big,23,MIN,0.9,1.6,3.8,1.3,4.2,3.2,0.060353635,2,3.6,6.3,57.2,111.3
Allonzo Trier,guard,23,NYK,0.4,0.2,1.8,0.9,0.8,0.5,0.016449623,-2,1.2,1.7,72.2,109.3
P.J. Tucker,big,33,HOU,1.6,0.5,3.1,2.3,1.2,3,0.051391863,1.8,2.1,3.2,64.9,109.5
Evan Turner,guard,30,POR,0.5,0.2,1.5,1,0.9,1.5,0.044859813,0.7,1,1.5,68.9,109.1
Myles Turner,big,22,IND,0.8,2.7,2.6,1.4,8.4,4.4,0.099669655,4.7,4.2,7.6,55.5,104.5
Jonas Valanciunas,big,26,TOT,0.4,1.1,3,0.8,4.4,1.9,0.083593034,1.2,2.2,4.3,51.2,107
Fred VanVleet,guard,24,TOR,0.9,0.3,1.7,1.6,0.9,1.9,0.051818182,-0.7,1.3,1.7,76.6,105
Noah Vonleh,big,23,NYK,0.7,0.8,2.6,1.3,2.5,1.7,0.04738676,1.6,2.2,3.5,63.7,112.4
Nikola Vucevic,big,28,ORL,1,1.1,2,1.6,3,4.7,0.089880478,3.4,3.7,6.5,56.2,106.4
Dwyane Wade,guard,37,MIA,0.8,0.5,1.6,1.5,1.8,2.3,0.058567639,0,1,1.6,63.2,106.6
Moritz Wagner,big,21,LAL,0.3,0.3,1.3,1.1,2.4,0.5,0.053811659,-1.1,1,1.7,57.3,105.5
Dion Waiters,guard,27,MIA,0.7,0.2,1.6,1.2,0.7,1.1,0.046397188,-1.6,0.9,1.5,59.1,107.8
Kemba Walker,guard,28,CHO,1.2,0.4,1.6,1.7,1,1.9,0.031854698,-1.7,2,2.7,73,111.8
Tyrone Wallace,guard,24,LAC,0.3,0.1,1.3,1.6,0.9,0.5,0.038216561,-0.9,0.5,0.8,63.8,104.2
Taurean Prince,wing,24,ATL,1,0.3,2.6,1.6,1.1,0.7,0.021649485,-1.5,1.4,1.9,73.1,115.4
T.J. Warren,wing,25,PHO,1.2,0.7,2.8,1.8,1.8,0.5,0.017647059,-1.8,2.1,3.1,68.7,114.1
Russell Westbrook,guard,30,OKC,1.9,0.5,3.4,2.5,1.1,5,0.091254753,3.9,1.5,2.2,67.1,107.4
Derrick White,guard,24,SAS,1,0.7,2.2,1.9,2.3,1.9,0.052777778,1.1,1.6,2.3,69.3,107.1
Hassan Whiteside,big,29,MIA,0.6,1.9,2.7,1.3,7.3,4,0.114695341,3,2.6,5.1,50.7,106.2
Andrew Wiggins,wing,23,MIN,1,0.7,2.1,1.3,1.6,1.3,0.024537947,-1.3,2.6,3.8,67.5,111.9
Kenrich Williams,wing,24,NOP,1,0.4,2.1,1.9,1.4,0.9,0.040037071,0.9,1.7,2.7,61.1,111.6
Lou Williams,guard,32,LAC,0.8,0.1,1.1,1.3,0.4,1.2,0.028901154,-2.6,1,1.3,75.8,109.2
Marvin Williams,big,32,CHO,0.9,0.8,2.1,1.6,2.5,1.9,0.042756681,0.5,2.3,3.7,61.6,110.9
D.J. Wilson,big,22,MIL,0.4,0.4,1.8,0.9,1.9,1.4,0.076190476,0.9,1.4,2.7,51.5,102.2
Justise Winslow,wing,22,MIA,1.1,0.3,2.7,1.8,0.9,2.6,0.063705972,1,1.7,2.6,65.5,104.2
Delon Wright,guard,26,TOT,1.2,0.4,1.4,2.5,1.6,2.4,0.067804591,1.5,1.3,1.9,65.5,106.4
Thaddeus Young,big,30,IND,1.5,0.4,2.4,2.4,1.3,3.9,0.075210928,2.1,2.1,3.1,68.4,106.5
Trae Young,guard,20,ATL,0.9,0.2,1.7,1.3,0.5,0.7,0.013423891,-2.8,1.5,1.8,83.3,114.8
Cody Zeller,big,26,CHO,0.8,0.8,3.3,1.5,2.9,1.2,0.046339501,1.7,2.9,4.7,61.3,110.9
Ivica Zubac,big,21,TOT,0.2,0.9,2.3,0.6,4,1.3,0.06,1,2.4,4.7,51.8,104.7
Dario Saric,big,24,TOT,0.6,0.1,2.2,1.1,0.4,1.2,0.028472565,-1.4,2,3.2,61.6,110.7
Ante Zizic,big,22,CLE,0.2,0.4,1.9,0.6,1.8,0.3,0.013308688,-1.4,2,3.1,64.6,110.2
